美乐网,存活5年10个月,2012/2/1,2017/12/31,文娱传媒,北京,不明确
布拉旅行,存活5年1个月,2012/11/1,2017/12/31,旅游,上海,A+轮
乐乐订,存活4年0个月,2013/12/1,2017/12/31,本地生活,广东,不明确
俏花旦,存活4年8个月,2013/4/1,2017/12/31,电子商务,江苏,不明确
Biu彼友,存活4年5个月,2013/7/1,2017/12/31,社交网络,四川,不明确
主厨严选,存活5年2个月,2012/10/1,2017/12/31,电子商务,台湾,不明确
站台,存活4年7个月,2013/5/1,2017/12/31,社交网络,北京,尚未获投
锐码,存活4年7个月,2013/5/1,2017/12/31,电子商务,北京,天使轮
翻漫画,存活4年5个月,2013/7/1,2017/12/31,文娱传媒,上海,不明确
专利众筹网,存活4年4个月,2013/8/1,2017/12/31,金融,北京,不明确
魔方手机助手,存活5年9个月,2012/3/1,2017/12/31,工具软件,北京,尚未获投
Catalog.im,存活5年11个月,2012/1/1,2017/12/31,文娱传媒,上海,不明确
IRewards,存活5年0个月,2012/12/1,2017/12/31,企业服务,上海,不明确
嘀嘀呜,存活5年9个月,2012/3/1,2017/12/31,汽车交通,北京,尚未获投
星期送,存活4年3个月,2013/9/1,2017/12/31,本地生活,湖北,不明确
E达招车,存活5年2个月,2012/10/1,2017/12/31,汽车交通,北京,不明确
粉多客,存活5年4个月,2012/8/1,2017/12/31,电子商务,福建,不明确
某某,存活4年4个月,2013/8/1,2017/12/31,社交网络,北京,天使轮
今日爆款,存活4年5个月,2013/7/1,2017/12/31,电子商务,湖北,不明确
宏图,存活4年9个月,2013/3/1,2017/12/31,文娱传媒,广东,不明确
壹路听,存活4年3个月,2013/9/1,2017/12/31,文娱传媒,北京,不明确
美图手机,存活4年7个月,2013/5/1,2017/12/31,新工业,福建,尚未获投
美腿团,存活4年11个月,2013/1/1,2017/12/31,电子商务,上海,天使轮
金米旅游,存活4年2个月,2013/10/1,2017/12/31,旅游,北京,不明确
好乐智出国留学网,存活4年9个月,2013/3/1,2017/12/31,教育,江苏,不明确
快子创意,存活4年5个月,2013/7/1,2017/12/31,广告营销,北京,不明确
5千克,存活5年4个月,2012/8/1,2017/12/31,电子商务,北京,不明确
趣保科技,存活5年2个月,2012/10/1,2017/12/31,金融,上海,不明确
51婚礼预订网,存活5年9个月,2012/3/1,2017/12/31,本地生活,湖北,不明确
同去社交,存活4年9个月,2013/3/1,2017/12/31,社交网络,上海,不明确
黑方糖,存活5年3个月,2012/9/1,2017/12/31,电子商务,上海,尚未获投
爱品图,存活5年11个月,2012/1/1,2017/12/31,电子商务,北京,不明确
4A店,存活5年4个月,2012/8/1,2017/12/31,汽车交通,广东,不明确
MindRunner小步快跑,存活4年3个月,2013/9/1,2017/12/31,物流,四川,尚未获投
维度品牌,存活4年5个月,2013/7/1,2017/12/31,企业服务,广东,尚未获投
租租看,存活4年7个月,2013/5/1,2017/12/31,房产服务,广东,不明确
V圈,存活5年0个月,2012/12/1,2017/12/31,社交网络,北京,不明确
爱秀吧,存活5年6个月,2012/6/1,2017/12/31,文娱传媒,广东,尚未获投
创腾,存活5年5个月,2012/7/1,2017/12/31,电子商务,广东,尚未获投
麦圈,存活5年6个月,2012/6/1,2017/12/31,社交网络,广东,天使轮
营养膳食指南,存活4年4个月,2013/8/1,2017/12/31,医疗健康,北京,不明确
奔奔BenBen,存活4年2个月,2013/10/1,2017/12/31,社交网络,北京,不明确
推推共享,存活5年10个月,2012/2/1,2017/12/31,工具软件,北京,天使轮
iMenuX,存活5年10个月,2012/2/1,2017/12/31,本地生活,浙江,不明确
时空情缘,存活4年9个月,2013/3/1,2017/12/31,文娱传媒,湖南,不明确
上海泉游,存活4年11个月,2013/1/1,2017/12/31,游戏,上海,不明确
乐换,存活4年9个月,2013/3/1,2017/12/31,电子商务,上海,不明确
上海智都科技Zeedoo,存活5年6个月,2012/6/1,2017/12/31,企业服务,上海,不明确
榜单客,存活4年2个月,2013/10/1,2017/12/31,电子商务,山东,不明确
@薇券,存活5年1个月,2012/11/1,2017/12/31,广告营销,北京,天使轮
病患如我,存活4年1个月,2013/11/1,2017/12/31,医疗健康,福建,天使轮
安天地科技,存活5年7个月,2012/5/1,2017/12/31,新工业,广东,不明确
创梦者,存活1年10个月,2016/2/1,2017/12/31,文娱传媒,北京,尚未获投
拍普,存活5年11个月,2012/1/1,2017/12/31,汽车交通,上海,不明确
土椒网,存活5年8个月,2012/4/1,2017/12/31,电子商务,广东,尚未获投
咚咚健身,存活4年5个月,2013/7/1,2017/12/31,医疗健康,上海,不明确
邦家政PH+,存活4年1个月,2013/11/1,2017/12/31,本地生活,福建,不明确
皮埃尔,存活5年0个月,2012/12/1,2017/12/31,体育运动,北京,不明确
城市味道,存活5年2个月,2012/10/1,2017/12/31,本地生活,广东,不明确
EADING一丁芯,存活4年9个月,2013/3/1,2017/12/31,智能硬件,福建,不明确
型男网,存活5年2个月,2012/10/1,2017/12/31,社交网络,上海,尚未获投
正源食派果蔬帮,存活4年4个月,2013/8/1,2017/12/31,电子商务,北京,尚未获投
御诚资产,存活4年6个月,2013/6/1,2017/12/31,金融,湖北,尚未获投
Blueface蓝颜面膜,存活4年3个月,2013/9/1,2017/12/31,电子商务,北京,尚未获投
名校直播,存活4年3个月,2013/9/1,2017/12/31,文娱传媒,江苏,尚未获投
183聊聊,存活5年11个月,2012/1/1,2017/12/31,社交网络,广东,尚未获投
Powerful泡否科技,存活5年4个月,2012/8/1,2017/12/31,电子商务,北京,A轮
亿言堂,存活4年11个月,2013/1/1,2017/12/31,房产服务,浙江,不明确
墨筹,存活4年4个月,2013/8/1,2017/12/31,金融,北京,不明确
Shyp,存活4年5个月,2013/7/1,2017/12/31,物流,北美洲,B轮
微窝WeiWo,存活5年11个月,2012/1/1,2017/12/31,企业服务,广东,天使轮
麦田圈,存活4年2个月,2013/10/1,2017/12/31,企业服务,江苏,尚未获投
秀秀,存活4年9个月,2013/3/1,2017/12/31,社交网络,广东,尚未获投
微听,存活4年11个月,2013/1/1,2017/12/31,文娱传媒,北京,不明确
涌泉,存活5年8个月,2012/4/1,2017/12/31,社交网络,河南,不明确
爱听爱说,存活4年7个月,2013/5/1,2017/12/31,文娱传媒,福建,不明确
大学城疯向标,存活4年3个月,2013/9/1,2017/12/31,文娱传媒,广东,不明确
驿站网,存活4年11个月,2013/1/1,2017/12/31,旅游,北京,已被收购
爱角落,存活4年11个月,2013/1/1,2017/12/31,社交网络,广东,不明确
淘乐乐软件,存活4年7个月,2013/5/1,2017/12/31,电子商务,安徽,不明确
中国宠物信息网,存活4年4个月,2013/8/1,2017/12/31,本地生活,江苏,不明确
多易网,存活5年6个月,2012/6/1,2017/12/31,游戏,四川,不明确
礼享圈,存活4年11个月,2013/1/1,2017/12/31,电子商务,上海,不明确
乐录,存活4年7个月,2013/5/1,2017/12/31,文娱传媒,上海,不明确
暴走购物,存活4年2个月,2013/10/1,2017/12/31,电子商务,北京,不明确
蚁众,存活4年6个月,2013/6/1,2017/12/31,企业服务,上海,不明确
中国好导游,存活4年11个月,2013/1/1,2017/12/31,旅游,上海,尚未获投
一战到底,存活4年9个月,2013/3/1,2017/12/31,游戏,北京,A轮
你选我猜,存活5年7个月,2012/5/1,2017/12/31,电子商务,广东,不明确
Pingle品购,存活4年7个月,2013/5/1,2017/12/31,电子商务,台湾,不明确
网店在线,存活5年6个月,2012/6/1,2017/12/31,电子商务,广东,不明确
大家玩,存活5年4个月,2012/8/1,2017/12/31,游戏,福建,尚未获投
珂居网,存活5年5个月,2012/7/1,2017/12/31,房产服务,江苏,不明确
内涵段子,存活5年9个月,2012/3/1,2017/12/31,文娱传媒,北京,尚未获投
点逸时代,存活5年2个月,2012/10/1,2017/12/31,汽车交通,北京,尚未获投
爱每叮,存活5年6个月,2012/6/1,2017/12/31,电子商务,北京,不明确
同城搜搜,存活4年7个月,2013/5/1,2017/12/31,本地生活,重庆,不明确
咔朴范儿,存活4年11个月,2013/1/1,2017/12/31,社交网络,北京,不明确
Openart乐艺网,存活4年4个月,2013/8/1,2017/12/31,文娱传媒,北京,尚未获投
清源教育,存活5年7个月,2012/5/1,2017/12/31,教育,北京,天使轮
RelaxSoul生活网,存活4年9个月,2013/3/1,2017/12/31,本地生活,北京,不明确
拍购,存活4年4个月,2013/8/1,2017/12/31,电子商务,北京,尚未获投
北京新思易佳科技,存活5年0个月,2012/12/1,2017/12/31,智能硬件,北京,A轮
WeSeekers,存活4年6个月,2013/6/1,2017/12/31,企业服务,北京,尚未获投
快乐365,存活5年5个月,2012/7/1,2017/12/31,本地生活,上海,不明确
威锋商城,存活5年7个月,2012/5/1,2017/12/31,电子商务,广东,不明确
贝壳应用中心,存活5年11个月,2012/1/1,2017/12/31,广告营销,山东,C轮
缤购bingo,存活4年0个月,2013/12/1,2017/12/31,本地生活,北京,不明确
爱当铺,存活4年2个月,2013/10/1,2017/12/31,电子商务,上海,不明确
堆车网,存活5年1个月,2012/11/1,2017/12/31,汽车交通,北京,不明确
尚班族,存活4年10个月,2013/2/1,2017/12/31,企业服务,湖北,不明确
乐卓网络,存活5年3个月,2012/9/1,2017/12/31,游戏,上海,天使轮
竹林熊猫,存活4年3个月,2013/9/1,2017/12/31,本地生活,安徽,不明确
订房宝,存活4年5个月,2013/7/1,2017/12/31,旅游,北京,A+轮
兔跑,存活4年4个月,2013/8/1,2017/12/31,社交网络,北京,不明确
标汇网,存活5年7个月,2012/5/1,2017/12/31,电子商务,江苏,尚未获投
Picsum照片书,存活5年7个月,2012/5/1,2017/12/31,文娱传媒,上海,不明确
双肩背,存活11年9个月,2006/3/1,2017/12/31,教育,北京,尚未获投
布谷云提醒,存活4年4个月,2013/8/1,2017/12/31,工具软件,浙江,不明确
APP集中营,存活5年2个月,2012/10/1,2017/12/31,工具软件,北京,尚未获投
穿戴觅,存活4年3个月,2013/9/1,2017/12/31,文娱传媒,北京,不明确
798手绘网,存活4年11个月,2013/1/1,2017/12/31,文娱传媒,北京,天使轮
云理财,存活4年1个月,2013/11/1,2017/12/31,金融,浙江,尚未获投
游脚印,存活4年11个月,2013/1/1,2017/12/31,旅游,北京,不明确
辣妈秀,存活5年8个月,2012/4/1,2017/12/31,电子商务,北京,不明确
圈课网,存活4年2个月,2013/10/1,2017/12/31,教育,北京,不明确
八镒商城,存活5年11个月,2012/1/1,2017/12/31,本地生活,四川,不明确
爱为网,存活4年6个月,2013/6/1,2017/12/31,广告营销,辽宁,不明确
身边购,存活5年7个月,2012/5/1,2017/12/31,电子商务,湖北,不明确
北京摇号应用,存活5年0个月,2012/12/1,2017/12/31,工具软件,北京,尚未获投
登陆诺曼底,存活5年5个月,2012/7/1,2017/12/31,房产服务,北京,尚未获投
网贷天地,存活4年0个月,2013/12/1,2017/12/31,金融,上海,不明确
健康367搜索,存活4年9个月,2013/3/1,2017/12/31,医疗健康,北京,尚未获投
玩苹果,存活4年11个月,2013/1/1,2017/12/31,游戏,北京,不明确
Fun视秀,存活4年5个月,2013/7/1,2017/12/31,文娱传媒,广东,不明确
乐卓游,存活4年9个月,2013/3/1,2017/12/31,游戏,安徽,不明确
传唱音乐,存活5年5个月,2012/7/1,2017/12/31,文娱传媒,北京,不明确
家装360,存活5年2个月,2012/10/1,2017/12/31,房产服务,北京,不明确
我替你说,存活4年11个月,2013/1/1,2017/12/31,工具软件,山东,尚未获投
打的啦,存活5年0个月,2012/12/1,2017/12/31,汽车交通,上海,不明确
购居网,存活5年8个月,2012/4/1,2017/12/31,房产服务,北京,尚未获投
片片,存活5年2个月,2012/10/1,2017/12/31,文娱传媒,北京,天使轮
八位数网络,存活4年0个月,2013/12/1,2017/12/31,广告营销,北京,不明确
生命之源,存活4年5个月,2013/7/1,2017/12/31,医疗健康,江苏,尚未获投
听说,存活4年0个月,2013/12/1,2017/12/31,工具软件,浙江,不明确
Kitchensurfing,存活5年9个月,2012/3/1,2017/12/31,本地生活,北美洲,B轮
FitRoot,存活5年1个月,2012/11/1,2017/12/31,医疗健康,北京,天使轮
360择校网,存活5年10个月,2012/2/1,2017/12/31,教育,广东,不明确
敢拍敢秀,存活4年4个月,2013/8/1,2017/12/31,社交网络,上海,不明确
NewMe日记,存活5年7个月,2012/5/1,2017/12/31,社交网络,浙江,不明确
同问AlsoAsk,存活5年3个月,2012/9/1,2017/12/31,社交网络,广东,不明确
91猎头网,存活4年7个月,2013/5/1,2017/12/31,企业服务,上海,尚未获投
vTalk.im,存活4年7个月,2013/5/1,2017/12/31,社交网络,广东,不明确
爱机控,存活4年11个月,2013/1/1,2017/12/31,本地生活,上海,尚未获投
有乐网,存活5年3个月,2012/9/1,2017/12/31,教育,北京,天使轮
K评网,存活4年7个月,2013/5/1,2017/12/31,游戏,广东,不明确
吃否,存活4年6个月,2013/6/1,2017/12/31,医疗健康,四川,不明确
爱配音,存活4年2个月,2013/10/1,2017/12/31,文娱传媒,浙江,尚未获投
淘宝客服招聘网,存活5年1个月,2012/11/1,2017/12/31,企业服务,广东,尚未获投
isport,存活5年8个月,2012/4/1,2017/12/31,体育运动,四川,不明确
Smile Tomato微笑番茄,存活5年7个月,2012/5/1,2017/12/31,游戏,广东,尚未获投
中诚讯科技,存活5年5个月,2012/7/1,2017/12/31,新工业,广东,天使轮
宠物悦,存活5年7个月,2012/5/1,2017/12/31,本地生活,湖南,不明确
安尼科技,存活5年7个月,2012/5/1,2017/12/31,工具软件,广东,不明确
闪译SunCloud,存活5年2个月,2012/10/1,2017/12/31,教育,浙江,不明确
云洗车,存活6年5个月,2011/7/1,2017/12/31,汽车交通,北京,尚未获投
Dormi,存活4年5个月,2013/7/1,2017/12/31,电子商务,广东,不明确
拼豆拼车,存活5年8个月,2012/4/1,2017/12/31,本地生活,北京,尚未获投
每嘉商城,存活5年4个月,2012/8/1,2017/12/31,电子商务,广东,不明确
Make美格时尚,存活4年8个月,2013/4/1,2017/12/31,电子商务,上海,天使轮
英语口语精华,存活4年10个月,2013/2/1,2017/12/31,教育,上海,不明确
美装,存活4年6个月,2013/6/1,2017/12/31,本地生活,北京,不明确
广州瑞桢,存活4年7个月,2013/5/1,2017/12/31,电子商务,广东,尚未获投
九猪网,存活4年11个月,2013/1/1,2017/12/31,房产服务,四川,天使轮
礼派网,存活4年5个月,2013/7/1,2017/12/31,电子商务,上海,不明确
蜗壳Workor,存活4年6个月,2013/6/1,2017/12/31,企业服务,北京,不明确
信息基因,存活5年1个月,2012/11/1,2017/12/31,广告营销,北京,不明确
北木商城,存活5年3个月,2012/9/1,2017/12/31,电子商务,北京,不明确
didi,存活4年8个月,2013/4/1,2017/12/31,社交网络,湖南,天使轮
融易融,存活5年1个月,2012/11/1,2017/12/31,金融,广东,A轮
音乐猎手,存活5年3个月,2012/9/1,2017/12/31,文娱传媒,湖北,不明确
亲友,存活4年7个月,2013/5/1,2017/12/31,工具软件,上海,不明确
搜喜欢,存活5年3个月,2012/9/1,2017/12/31,社交网络,广东,尚未获投
711代驾,存活4年6个月,2013/6/1,2017/12/31,汽车交通,广东,不明确
昂沁科技,存活5年0个月,2012/12/1,2017/12/31,企业服务,北京,不明确
一直玩,存活5年6个月,2012/6/1,2017/12/31,游戏,广东,尚未获投
工程师商城,存活5年5个月,2012/7/1,2017/12/31,企业服务,湖北,不明确
推播,存活4年7个月,2013/5/1,2017/12/31,文娱传媒,北京,尚未获投
一米西,存活4年11个月,2013/1/1,2017/12/31,电子商务,福建,不明确
天地图酷,存活4年7个月,2013/5/1,2017/12/31,文娱传媒,北京,不明确
阿贝尼,存活3年7个月,2014/5/1,2017/12/31,电子商务,上海,尚未获投
油瓶网,存活5年9个月,2012/3/1,2017/12/31,游戏,北京,尚未获投
声盟,存活5年10个月,2012/2/1,2017/12/31,广告营销,北京,已被收购
鲜品会,存活5年2个月,2012/10/1,2017/12/31,电子商务,北京,不明确
妙物,存活4年6个月,2013/6/1,2017/12/31,电子商务,北京,不明确
私橱网,存活5年2个月,2012/10/1,2017/12/31,文娱传媒,广东,不明确
Gutora古拓,存活4年5个月,2013/7/1,2017/12/31,电子商务,上海,不明确
花样生活网,存活4年4个月,2013/8/1,2017/12/31,电子商务,北京,尚未获投
房快租,存活4年3个月,2013/9/1,2017/12/31,房产服务,北京,尚未获投
Plugaway,存活4年7个月,2013/5/1,2017/12/31,智能硬件,北京,不明确
视频课堂,存活4年9个月,2013/3/1,2017/12/31,教育,北京,不明确
蓝鹦鹉,存活5年7个月,2012/5/1,2017/12/31,教育,广东,不明确
索诺环球,存活4年10个月,2013/2/1,2017/12/31,企业服务,安徽,不明确
拍付宝PayTag,存活4年6个月,2013/6/1,2017/12/31,金融,广东,不明确
i享受,存活4年2个月,2013/10/1,2017/12/31,本地生活,北京,尚未获投
疯豆网,存活5年9个月,2012/3/1,2017/12/31,教育,辽宁,尚未获投
蘑菇听书,存活5年8个月,2012/4/1,2017/12/31,工具软件,北京,尚未获投
一微米,存活5年9个月,2012/3/1,2017/12/31,企业服务,山东,不明确
TeBTC,存活4年11个月,2013/1/1,2017/12/31,金融,河南,尚未获投
一米店平台,存活5年10个月,2012/2/1,2017/12/31,电子商务,北京,不明确
贝壳湾,存活5年7个月,2012/5/1,2017/12/31,电子商务,天津,不明确
护肤网,存活5年3个月,2012/9/1,2017/12/31,本地生活,广东,天使轮
海秀众筹网,存活4年6个月,2013/6/1,2017/12/31,金融,北京,不明确
5i高校网,存活4年9个月,2013/3/1,2017/12/31,社交网络,广东,不明确
V租房,存活5年8个月,2012/4/1,2017/12/31,房产服务,北京,尚未获投
MuaBaby,存活4年2个月,2013/10/1,2017/12/31,教育,北京,不明确
婚博商城,存活5年4个月,2012/8/1,2017/12/31,本地生活,上海,不明确
秀爱网,存活5年9个月,2012/3/1,2017/12/31,文娱传媒,广东,不明确
活教育,存活5年7个月,2012/5/1,2017/12/31,教育,北京,不明确
订餐通,存活5年3个月,2012/9/1,2017/12/31,本地生活,安徽,不明确
畅读360,存活4年11个月,2013/1/1,2017/12/31,文娱传媒,上海,不明确
骑驴驴周边游,存活4年1个月,2013/11/1,2017/12/31,旅游,北京,尚未获投
Music to APP,存活4年8个月,2013/4/1,2017/12/31,文娱传媒,北京,天使轮
D+,存活4年6个月,2013/6/1,2017/12/31,汽车交通,上海,不明确
加速中国,存活5年5个月,2012/7/1,2017/12/31,企业服务,北京,尚未获投
摇摇礼券,存活5年1个月,2012/11/1,2017/12/31,电子商务,浙江,尚未获投
超合金战记,存活5年1个月,2012/11/1,2017/12/31,游戏,浙江,尚未获投
花儿秀,存活4年9个月,2013/3/1,2017/12/31,电子商务,陕西,不明确
好多街,存活5年11个月,2012/1/1,2017/12/31,电子商务,广东,不明确
叮叮快递,存活4年6个月,2013/6/1,2017/12/31,物流,北京,不明确
易优客,存活5年11个月,2012/1/1,2017/12/31,广告营销,北京,不明确
打车吧,存活5年3个月,2012/9/1,2017/12/31,汽车交通,北京,不明确
车风网,存活4年2个月,2013/10/1,2017/12/31,汽车交通,上海,B轮
彩虹之巅,存活4年8个月,2013/4/1,2017/12/31,本地生活,上海,不明确
上网快鸟,存活5年11个月,2012/1/1,2017/12/31,工具软件,北京,天使轮
心声FM,存活4年4个月,2013/8/1,2017/12/31,社交网络,四川,不明确
积分城市,存活5年9个月,2012/3/1,2017/12/31,本地生活,北京,尚未获投
排队通,存活4年5个月,2013/7/1,2017/12/31,本地生活,上海,不明确
AutoFLY小额贷款网,存活4年9个月,2013/3/1,2017/12/31,金融,上海,不明确
92社区,存活6年8个月,2011/4/1,2017/12/31,电子商务,浙江,尚未获投
i知子,存活4年6个月,2013/6/1,2017/12/31,教育,北京,不明确
车蚂蚁,存活5年3个月,2012/9/1,2017/12/31,汽车交通,浙江,A轮
胶囊电影,存活4年11个月,2013/1/1,2017/12/31,文娱传媒,北京,不明确
51打的,存活4年9个月,2013/3/1,2017/12/31,汽车交通,上海,不明确
人人爱车网,存活5年11个月,2012/1/1,2017/12/31,汽车交通,上海,不明确
PP网络电话,存活5年11个月,2012/1/1,2017/12/31,工具软件,广东,不明确
来趴,存活4年4个月,2013/8/1,2017/12/31,社交网络,广东,不明确
寰宇之旅,存活4年9个月,2013/3/1,2017/12/31,旅游,浙江,尚未获投
趣儿网,存活4年11个月,2013/1/1,2017/12/31,教育,上海,不明确
奥莱团,存活5年5个月,2012/7/1,2017/12/31,电子商务,北京,不明确
助考帮,存活5年0个月,2012/12/1,2017/12/31,教育,上海,天使轮
妈妈清单,存活4年3个月,2013/9/1,2017/12/31,电子商务,北京,不明确
光艾传播,存活4年7个月,2013/5/1,2017/12/31,文娱传媒,上海,天使轮
遥蓝儿童科技,存活4年6个月,2013/6/1,2017/12/31,教育,广东,不明确
音乐应用商店,存活4年11个月,2013/1/1,2017/12/31,文娱传媒,北京,尚未获投
疯狂锁屏,存活4年3个月,2013/9/1,2017/12/31,工具软件,上海,尚未获投
Jetters捷飞,存活4年7个月,2013/5/1,2017/12/31,汽车交通,上海,天使轮
月嫂点评网,存活4年7个月,2013/5/1,2017/12/31,本地生活,北京,不明确
Socialite,存活4年3个月,2013/9/1,2017/12/31,社交网络,台湾,不明确
慢品时光,存活5年2个月,2012/10/1,2017/12/31,电子商务,北京,不明确
豆子地,存活5年8个月,2012/4/1,2017/12/31,电子商务,北京,尚未获投
摩机平板升级网,存活5年11个月,2012/1/1,2017/12/31,工具软件,北京,天使轮
易订365,存活4年9个月,2013/3/1,2017/12/31,本地生活,贵州,不明确
存折网,存活4年11个月,2013/1/1,2017/12/31,金融,北京,尚未获投
e食e客,存活4年3个月,2013/9/1,2017/12/31,本地生活,上海,尚未获投
土鸡91生鲜超市,存活4年2个月,2013/10/1,2017/12/31,电子商务,广西,不明确
皇廷绘画ART818,存活4年3个月,2013/9/1,2017/12/31,文娱传媒,上海,天使轮
立即玩,存活5年7个月,2012/5/1,2017/12/31,游戏,上海,不明确
投房宝,存活4年3个月,2013/9/1,2017/12/31,金融,北京,不明确
爱租网,存活4年8个月,2013/4/1,2017/12/31,房产服务,四川,不明确
搜兔Sotu,存活4年7个月,2013/5/1,2017/12/31,文娱传媒,北京,不明确
虎歪网,存活5年11个月,2012/1/1,2017/12/31,体育运动,北京,不明确
早市网,存活4年2个月,2013/10/1,2017/12/31,电子商务,北京,尚未获投
时尚猫,存活4年1个月,2013/11/1,2017/12/31,本地生活,北京,天使轮
12598网上订货平台,存活5年4个月,2012/8/1,2017/12/31,电子商务,江苏,不明确
裤子网,存活4年5个月,2013/7/1,2017/12/31,电子商务,福建,不明确
的表,存活4年5个月,2013/7/1,2017/12/31,汽车交通,上海,不明确
爱手游科技,存活5年9个月,2012/3/1,2017/12/31,游戏,湖北,不明确
奇姆linkhim,存活5年9个月,2012/3/1,2017/12/31,工具软件,北京,不明确
美丽专家,存活4年11个月,2013/1/1,2017/12/31,本地生活,北京,不明确
段王爷,存活5年11个月,2012/1/1,2017/12/31,社交网络,广东,不明确
慧欣商贸,存活4年3个月,2013/9/1,2017/12/31,电子商务,四川,不明确
微趣测试,存活5年4个月,2012/8/1,2017/12/31,工具软件,广东,不明确
Together500,存活5年1个月,2012/11/1,2017/12/31,社交网络,上海,不明确
创成在线,存活4年8个月,2013/4/1,2017/12/31,文娱传媒,广东,不明确
微站科技,存活4年4个月,2013/8/1,2017/12/31,企业服务,广东,不明确
玉美网,存活4年4个月,2013/8/1,2017/12/31,电子商务,云南,尚未获投
搜贷网,存活4年2个月,2013/10/1,2017/12/31,金融,上海,尚未获投
我觉得,存活5年9个月,2012/3/1,2017/12/31,社交网络,北京,尚未获投
骑程网,存活5年6个月,2012/6/1,2017/12/31,体育运动,上海,不明确
35Groups,存活4年3个月,2013/9/1,2017/12/31,企业服务,四川,尚未获投
蜂巢,存活4年11个月,2013/1/1,2017/12/31,本地生活,北京,不明确
探生网,存活5年11个月,2012/1/1,2017/12/31,医疗健康,重庆,尚未获投
爱惠客,存活5年11个月,2012/1/1,2017/12/31,本地生活,浙江,天使轮
车控网,存活5年11个月,2012/1/1,2017/12/31,汽车交通,湖南,不明确
易帮网,存活4年8个月,2013/4/1,2017/12/31,企业服务,河南,不明确
海马爸爸,存活5年4个月,2012/8/1,2017/12/31,电子商务,浙江,不明确
钻石4c计算器,存活4年6个月,2013/6/1,2017/12/31,电子商务,北京,不明确
规律睡眠,存活4年5个月,2013/7/1,2017/12/31,医疗健康,浙江,不明确
懒日子,存活4年5个月,2013/7/1,2017/12/31,本地生活,北京,不明确
约TA去,存活4年7个月,2013/5/1,2017/12/31,社交网络,重庆,不明确
超级妈咪导航,存活5年9个月,2012/3/1,2017/12/31,医疗健康,广东,不明确
61bus,存活4年6个月,2013/6/1,2017/12/31,教育,上海,尚未获投
酷桌面,存活4年6个月,2013/6/1,2017/12/31,广告营销,上海,不明确
漫奇网,存活5年2个月,2012/10/1,2017/12/31,文娱传媒,北京,不明确
逛街神器,存活4年2个月,2013/10/1,2017/12/31,本地生活,北京,天使轮
黔芽御茗,存活5年3个月,2012/9/1,2017/12/31,电子商务,贵州,尚未获投
爱颜色网,存活4年10个月,2013/2/1,2017/12/31,电子商务,北京,不明确
友评,存活4年6个月,2013/6/1,2017/12/31,电子商务,北京,不明确
好这口,存活5年0个月,2012/12/1,2017/12/31,旅游,北京,不明确
名档网,存活7年6个月,2010/6/1,2017/12/31,社交网络,上海,尚未获投
高手Highland,存活4年11个月,2013/1/1,2017/12/31,教育,广东,尚未获投
菠萝蜜,存活5年2个月,2012/10/1,2017/12/31,电子商务,上海,不明确
艾优尼IUNI手机,存活4年2个月,2013/10/1,2017/12/31,新工业,广东,A轮
海豚汇,存活5年4个月,2012/8/1,2017/12/31,金融,上海,不明确
私人医生网,存活5年1个月,2012/11/1,2017/12/31,医疗健康,北京,尚未获投
Favbuy优价网络,存活5年0个月,2012/12/1,2017/12/31,电子商务,上海,A轮
我家旁边网,存活4年11个月,2013/1/1,2017/12/31,教育,北京,不明确
眷舍微型酒店,存活4年2个月,2013/10/1,2017/12/31,旅游,浙江,尚未获投
蛋糕树,存活5年4个月,2012/8/1,2017/12/31,电子商务,福建,不明确
千秋教育,存活4年11个月,2013/1/1,2017/12/31,教育,北京,不明确
挖美图,存活4年11个月,2013/1/1,2017/12/31,文娱传媒,甘肃,不明确
微店工具,存活4年10个月,2013/2/1,2017/12/31,电子商务,北京,尚未获投
问购网,存活4年9个月,2013/3/1,2017/12/31,电子商务,广东,尚未获投
启望乐园,存活5年0个月,2012/12/1,2017/12/31,教育,广东,不明确
预测本,存活4年2个月,2013/10/1,2017/12/31,本地生活,北京,不明确
众人互联,存活4年11个月,2013/1/1,2017/12/31,广告营销,甘肃,不明确
贝壳网,存活5年10个月,2012/2/1,2017/12/31,电子商务,浙江,尚未获投
我婚了,存活4年11个月,2013/1/1,2017/12/31,本地生活,陕西,尚未获投
呼呼啦,存活4年0个月,2013/12/1,2017/12/31,电子商务,江苏,A轮
在路上网络,存活4年5个月,2013/7/1,2017/12/31,教育,北京,尚未获投
鼎喜手机,存活4年6个月,2013/6/1,2017/12/31,新工业,福建,不明确
锐特英语,存活4年4个月,2013/8/1,2017/12/31,教育,北京,不明确
帮你印,存活4年6个月,2013/6/1,2017/12/31,电子商务,山东,不明确
立刻玩,存活5年4个月,2012/8/1,2017/12/31,游戏,北京,不明确
米豆网Meedow,存活5年4个月,2012/8/1,2017/12/31,教育,北京,天使轮
堵车么,存活5年6个月,2012/6/1,2017/12/31,汽车交通,北京,A轮
谈判专家,存活4年1个月,2013/11/1,2017/12/31,文娱传媒,上海,天使轮
快医在线,存活5年1个月,2012/11/1,2017/12/31,医疗健康,北京,尚未获投
iChuz,存活4年9个月,2013/3/1,2017/12/31,社交网络,上海,不明确
空调邦,存活4年3个月,2013/9/1,2017/12/31,本地生活,广东,不明确
汇金山,存活4年11个月,2013/1/1,2017/12/31,金融,广东,不明确
云代驾联盟,存活6年8个月,2011/4/1,2017/12/31,汽车交通,北京,尚未获投
我爱编码云平台,存活5年7个月,2012/5/1,2017/12/31,教育,山东,不明确
途伴网,存活4年3个月,2013/9/1,2017/12/31,旅游,上海,尚未获投
车极士,存活5年7个月,2012/5/1,2017/12/31,汽车交通,江苏,尚未获投
AmyPI市场,存活4年8个月,2013/4/1,2017/12/31,企业服务,上海,天使轮
轻约会,存活5年7个月,2012/5/1,2017/12/31,社交网络,北京,不明确
约饭网,存活4年2个月,2013/10/1,2017/12/31,社交网络,江苏,尚未获投
百维互动,存活5年9个月,2012/3/1,2017/12/31,游戏,北京,不明确
妈妈乐淘网,存活5年8个月,2012/4/1,2017/12/31,电子商务,北京,尚未获投
凌波微步,存活5年0个月,2012/12/1,2017/12/31,企业服务,浙江,不明确
星利源,存活5年1个月,2012/11/1,2017/12/31,物流,广东,D轮
不一网,存活5年5个月,2012/7/1,2017/12/31,电子商务,北京,不明确
书邻,存活4年10个月,2013/2/1,2017/12/31,社交网络,广东,不明确
畅行,存活6年0个月,2011/12/1,2017/12/31,汽车交通,上海,尚未获投
哈牛国际早教,存活4年2个月,2013/10/1,2017/12/31,教育,上海,A轮
明星衣橱,存活5年4个月,2012/8/1,2017/12/31,电子商务,北京,D轮
在路上,存活5年11个月,2012/1/1,2017/12/31,旅游,上海,C轮
逛爆款,存活4年11个月,2013/1/1,2017/12/31,电子商务,河南,尚未获投
ZenNew禅芯网,存活4年4个月,2013/8/1,2017/12/31,文娱传媒,北京,不明确
3D记梦馆,存活4年10个月,2013/2/1,2017/12/31,智能硬件,湖北,不明确
Viss.me,存活5年6个月,2012/6/1,2017/12/31,电子商务,香港,尚未获投
成长网,存活4年10个月,2013/2/1,2017/12/31,教育,广东,不明确
万游助手,存活4年6个月,2013/6/1,2017/12/31,游戏,北京,尚未获投
遛时间,存活4年11个月,2013/1/1,2017/12/31,文娱传媒,广东,尚未获投
邻居说,存活4年2个月,2013/10/1,2017/12/31,社交网络,山东,Pre-A轮
AngelEyes,存活5年11个月,2012/1/1,2017/12/31,企业服务,贵州,不明确
味图,存活5年10个月,2012/2/1,2017/12/31,社交网络,上海,不明确
乐和万家,存活5年10个月,2012/2/1,2017/12/31,工具软件,北京,不明确
Begin*,存活4年8个月,2013/4/1,2017/12/31,企业服务,广东,不明确
团聚会,存活4年5个月,2013/7/1,2017/12/31,电子商务,北京,不明确
美姬,存活4年8个月,2013/4/1,2017/12/31,本地生活,上海,不明确
耍划抢购物返利网,存活5年2个月,2012/10/1,2017/12/31,电子商务,山东,不明确
悠会网,存活5年3个月,2012/9/1,2017/12/31,企业服务,上海,不明确
魔贝网,存活5年9个月,2012/3/1,2017/12/31,电子商务,广东,不明确
轮胎360,存活5年7个月,2012/5/1,2017/12/31,汽车交通,北京,尚未获投
角虎互动,存活5年1个月,2012/11/1,2017/12/31,游戏,北京,尚未获投
i智歌,存活4年2个月,2013/10/1,2017/12/31,汽车交通,北京,天使轮
钱来钱网,存活4年8个月,2013/4/1,2017/12/31,金融,北京,不明确
嗨咖啡,存活4年11个月,2013/1/1,2017/12/31,本地生活,上海,不明确
1688门票,存活4年11个月,2013/1/1,2017/12/31,旅游,辽宁,不明确
喜感网,存活5年4个月,2012/8/1,2017/12/31,本地生活,北京,不明确
建筑800网,存活4年4个月,2013/8/1,2017/12/31,电子商务,上海,不明确
宝贝藏,存活5年4个月,2012/8/1,2017/12/31,电子商务,北京,尚未获投
招财铃,存活4年1个月,2013/11/1,2017/12/31,文娱传媒,北京,不明确
7K-ARTS赛文游悦,存活5年9个月,2012/3/1,2017/12/31,游戏,北京,天使轮
卡卡鲜,存活5年3个月,2012/9/1,2017/12/31,电子商务,上海,尚未获投
爱买网,存活6年6个月,2011/6/1,2017/12/31,电子商务,上海,尚未获投
设计狗,存活5年6个月,2012/6/1,2017/12/31,电子商务,安徽,尚未获投
18网店货源网,存活5年0个月,2012/12/1,2017/12/31,电子商务,浙江,不明确
维奥实业,存活5年1个月,2012/11/1,2017/12/31,新工业,山东,不明确
X-Sight未来空间科技,存活4年11个月,2013/1/1,2017/12/31,智能硬件,广东,天使轮
星点评,存活4年2个月,2013/10/1,2017/12/31,本地生活,北京,不明确
卡利福,存活4年8个月,2013/4/1,2017/12/31,企业服务,安徽,不明确
悠课网,存活5年1个月,2012/11/1,2017/12/31,教育,北京,不明确
Lily无人机,存活4年3个月,2013/9/1,2017/12/31,智能硬件,北美洲,A轮
有空,存活4年6个月,2013/6/1,2017/12/31,社交网络,北京,尚未获投
麦穗时代科技,存活5年6个月,2012/6/1,2017/12/31,教育,北京,尚未获投
Voicetube,存活4年11个月,2013/1/1,2017/12/31,教育,台湾,天使轮
比邻网,存活5年8个月,2012/4/1,2017/12/31,本地生活,重庆,不明确
竹蜻蜓科技,存活4年5个月,2013/7/1,2017/12/31,汽车交通,辽宁,尚未获投
一起学IT,存活4年3个月,2013/9/1,2017/12/31,教育,湖南,尚未获投
009Dog,存活5年11个月,2012/1/1,2017/12/31,游戏,江苏,不明确
一拍一修,存活4年2个月,2013/10/1,2017/12/31,本地生活,北京,不明确
广点通网络,存活4年10个月,2013/2/1,2017/12/31,企业服务,安徽,不明确
念睿科技,存活4年1个月,2013/11/1,2017/12/31,企业服务,浙江,不明确
深圳樱桃游戏,存活5年4个月,2012/8/1,2017/12/31,游戏,广东,不明确
TSN24传媒新闻在线,存活4年3个月,2013/9/1,2017/12/31,文娱传媒,北京,不明确
mMenu系统,存活5年1个月,2012/11/1,2017/12/31,企业服务,上海,不明确
深圳乐谷科技,存活4年7个月,2013/5/1,2017/12/31,工具软件,广东,尚未获投
极品糗事,存活5年9个月,2012/3/1,2017/12/31,文娱传媒,黑龙江,不明确
豆邻,存活5年3个月,2012/9/1,2017/12/31,本地生活,上海,天使轮
微蜜,存活4年4个月,2013/8/1,2017/12/31,电子商务,北京,天使轮
探科之家,存活5年2个月,2012/10/1,2017/12/31,企业服务,北京,不明确
皆学问,存活4年8个月,2013/4/1,2017/12/31,教育,北京,尚未获投
星宝教育网,存活4年5个月,2013/7/1,2017/12/31,教育,上海,不明确
上蔬永辉,存活7年0个月,2013/12/1,2020/12/8,电子商务,上海,B轮
众泰新能源汽车,存活9年9个月,2011/3/1,2020/12/2,汽车交通,浙江,尚未获投
柚子练琴,存活3年4个月,2017/7/1,2020/11/30,教育,北京,天使轮
长江汽车,存活24年5个月,1996/6/1,2020/11/3,汽车交通,浙江,尚未获投
Quibi,存活2年9个月,2018/1/1,2020/10/22,文娱传媒,北美洲,战略投资
易果生鲜,存活13年8个月,2007/2/1,2020/10/21,电子商务,上海,D轮
爱钱进,存活6年7个月,2014/3/1,2020/10/21,金融,北京,A轮
优胜教育,存活16年7个月,2004/3/1,2020/10/19,教育,北京,D轮
猪兼强,存活6年1个月,2014/9/1,2020/10/12,汽车交通,广东,B轮
安邦保险,存活15年11个月,2004/10/1,2020/9/14,金融,北京,战略投资
有空,存活4年6个月,2013/6/1,2017/12/31,社交网络,北京,尚未获投
麦穗时代科技,存活5年6个月,2012/6/1,2017/12/31,教育,北京,尚未获投
Voicetube,存活4年11个月,2013/1/1,2017/12/31,教育,台湾,天使轮
比邻网,存活5年8个月,2012/4/1,2017/12/31,本地生活,重庆,不明确
竹蜻蜓科技,存活4年5个月,2013/7/1,2017/12/31,汽车交通,辽宁,尚未获投
一起学IT,存活4年3个月,2013/9/1,2017/12/31,教育,湖南,尚未获投
009Dog,存活5年11个月,2012/1/1,2017/12/31,游戏,江苏,不明确
一拍一修,存活4年2个月,2013/10/1,2017/12/31,本地生活,北京,不明确
广点通网络,存活4年10个月,2013/2/1,2017/12/31,企业服务,安徽,不明确
念睿科技,存活4年1个月,2013/11/1,2017/12/31,企业服务,浙江,不明确
深圳樱桃游戏,存活5年4个月,2012/8/1,2017/12/31,游戏,广东,不明确
TSN24传媒新闻在线,存活4年3个月,2013/9/1,2017/12/31,文娱传媒,北京,不明确
mMenu系统,存活5年1个月,2012/11/1,2017/12/31,企业服务,上海,不明确
深圳乐谷科技,存活4年7个月,2013/5/1,2017/12/31,工具软件,广东,尚未获投
极品糗事,存活5年9个月,2012/3/1,2017/12/31,文娱传媒,黑龙江,不明确
豆邻,存活5年3个月,2012/9/1,2017/12/31,本地生活,上海,天使轮
微蜜,存活4年4个月,2013/8/1,2017/12/31,电子商务,北京,天使轮
探科之家,存活5年2个月,2012/10/1,2017/12/31,企业服务,北京,不明确
皆学问,存活4年8个月,2013/4/1,2017/12/31,教育,北京,尚未获投
星宝教育网,存活4年5个月,2013/7/1,2017/12/31,教育,上海,不明确
找游网,存活4年3个月,2013/9/1,2017/12/31,游戏,广东,不明确
我是矿工,存活4年9个月,2013/3/1,2017/12/31,游戏,北京,不明确
Tucao.cc吐槽弹幕网,存活4年11个月,2013/1/1,2017/12/31,文娱传媒,江苏,尚未获投
微片,存活5年6个月,2012/6/1,2017/12/31,文娱传媒,北京,天使轮
Molinkx摩联,存活4年0个月,2013/12/1,2017/12/31,智能硬件,广东,尚未获投
Pinstar.ME,存活5年0个月,2012/12/1,2017/12/31,社交网络,广东,不明确
哎呦盒子,存活5年2个月,2012/10/1,2017/12/31,电子商务,北京,不明确
雨梦网络,存活5年2个月,2012/10/1,2017/12/31,游戏,广东,不明确
94bank,存活4年1个月,2013/11/1,2017/12/31,金融,上海,不明确
体检助手,存活5年1个月,2012/11/1,2017/12/31,医疗健康,浙江,不明确
自游网,存活5年6个月,2012/6/1,2017/12/31,旅游,广东,不明确
师徒网,存活5年4个月,2012/8/1,2017/12/31,教育,北京,不明确
简简单单网,存活5年8个月,2012/4/1,2017/12/31,社交网络,北京,尚未获投
聘窗PinWindow,存活4年3个月,2013/9/1,2017/12/31,企业服务,四川,尚未获投
951无忧考网,存活4年0个月,2013/12/1,2017/12/31,教育,北京,不明确
配配,存活4年1个月,2013/11/1,2017/12/31,本地生活,北京,尚未获投
公会网,存活5年11个月,2012/1/1,2017/12/31,游戏,北京,不明确
美刻社交,存活9年10个月,2008/2/1,2017/12/31,社交网络,北京,已被收购
安徽猪网,存活5年6个月,2012/6/1,2017/12/31,电子商务,安徽,不明确
知阅网,存活5年11个月,2012/1/1,2017/12/31,电子商务,浙江,不明确
3W招聘,存活5年11个月,2012/1/1,2017/12/31,企业服务,北京,不明确
贵阳草帽网,存活4年3个月,2013/9/1,2017/12/31,本地生活,贵州,不明确
5210高尔夫,存活4年5个月,2013/7/1,2017/12/31,体育运动,上海,不明确
自然唤醒健康,存活4年8个月,2013/4/1,2017/12/31,医疗健康,北京,不明确
爆谷电影,存活5年0个月,2012/12/1,2017/12/31,文娱传媒,广东,不明确
Laven,存活4年3个月,2013/9/1,2017/12/31,社交网络,北京,尚未获投
易达出租车云平台,存活5年2个月,2012/10/1,2017/12/31,汽车交通,四川,天使轮
掌金网,存活4年7个月,2013/5/1,2017/12/31,金融,吉林,不明确
有饭局,存活4年6个月,2013/6/1,2017/12/31,本地生活,北京,不明确
易达代驾网,存活5年2个月,2012/10/1,2017/12/31,汽车交通,四川,天使轮
锦航云天,存活5年8个月,2012/4/1,2017/12/31,企业服务,北京,尚未获投
美可网,存活4年8个月,2013/4/1,2017/12/31,电子商务,北京,不明确
Looip,存活5年9个月,2012/3/1,2017/12/31,企业服务,上海,Pre-A轮
嗨校网,存活5年5个月,2012/7/1,2017/12/31,社交网络,浙江,天使轮
票集网,存活4年4个月,2013/8/1,2017/12/31,电子商务,广东,天使轮
四季游,存活5年10个月,2012/2/1,2017/12/31,旅游,广东,不明确
钰诚集团,存活4年9个月,2013/3/1,2017/12/31,金融,安徽,不明确
美哟,存活4年8个月,2013/4/1,2017/12/31,电子商务,广东,不明确
看房网,存活4年8个月,2013/4/1,2017/12/31,房产服务,湖南,不明确
比如网络,存活5年10个月,2012/2/1,2017/12/31,教育,北京,不明确
锦锐科技,存活4年7个月,2013/5/1,2017/12/31,电子商务,天津,不明确
比尔总动员,存活4年7个月,2013/5/1,2017/12/31,游戏,北京,不明确
小发现,存活4年7个月,2013/5/1,2017/12/31,电子商务,广东,不明确
野马风行,存活5年0个月,2012/12/1,2017/12/31,智能硬件,广东,尚未获投
心动婚恋,存活5年6个月,2012/6/1,2017/12/31,社交网络,北京,尚未获投
艾沃思科技,存活4年0个月,2013/12/1,2017/12/31,新工业,北京,不明确
双双,存活5年6个月,2012/6/1,2017/12/31,社交网络,北京,尚未获投
移动通,存活6年7个月,2011/5/1,2017/12/31,广告营销,北京,尚未获投
大黄蜂打车,存活4年11个月,2013/1/1,2017/12/31,汽车交通,上海,已被收购
爱卡微口语,存活5年3个月,2012/9/1,2017/12/31,教育,浙江,天使轮
爱旅行,存活4年9个月,2013/3/1,2017/12/31,旅游,北京,A轮
步旅网,存活4年5个月,2013/7/1,2017/12/31,旅游,浙江,不明确
有策网,存活5年7个月,2012/5/1,2017/12/31,企业服务,陕西,不明确
星悦汇,存活4年2个月,2013/10/1,2017/12/31,旅游,重庆,不明确
英语口语控,存活5年3个月,2012/9/1,2017/12/31,教育,上海,天使轮
无二城,存活4年6个月,2013/6/1,2017/12/31,电子商务,四川,不明确
板报,存活5年6个月,2012/6/1,2017/12/31,文娱传媒,北京,尚未获投
辣妈逛,存活4年8个月,2013/4/1,2017/12/31,电子商务,北京,不明确
一贷网,存活4年2个月,2013/10/1,2017/12/31,金融,上海,尚未获投
第一证券水晶球,存活5年9个月,2012/3/1,2017/12/31,金融,江苏,不明确
蜗牛优惠,存活4年4个月,2013/8/1,2017/12/31,本地生活,江苏,不明确
爱维创思,存活5年0个月,2012/12/1,2017/12/31,企业服务,北京,不明确
91见见,存活4年7个月,2013/5/1,2017/12/31,社交网络,北京,不明确
许愿家,存活4年9个月,2013/3/1,2017/12/31,社交网络,陕西,不明确
深圳停哪儿,存活4年4个月,2013/8/1,2017/12/31,汽车交通,广东,不明确
点瓶ZinePlus,存活4年3个月,2013/9/1,2017/12/31,电子商务,香港,不明确
蜂加,存活4年9个月,2013/3/1,2017/12/31,工具软件,贵州,尚未获投
暖暖社区,存活5年6个月,2012/6/1,2017/12/31,社交网络,上海,尚未获投
生命油表,存活5年2个月,2012/10/1,2017/12/31,医疗健康,上海,天使轮
WO应用市场,存活5年11个月,2012/1/1,2017/12/31,工具软件,河南,已被收购
爱百车,存活4年3个月,2013/9/1,2017/12/31,汽车交通,北京,不明确
星果网络SeeGame,存活7年3个月,2010/9/1,2017/12/31,游戏,上海,A轮
六六送,存活4年10个月,2013/2/1,2017/12/31,社交网络,北京,不明确
捧我网,存活4年6个月,2013/6/1,2017/12/31,社交网络,贵州,尚未获投
无线商盟,存活4年7个月,2013/5/1,2017/12/31,企业服务,北京,尚未获投
易学网,存活4年8个月,2013/4/1,2017/12/31,教育,北京,尚未获投
爱意匠,存活5年4个月,2012/8/1,2017/12/31,电子商务,北京,不明确
手链360,存活4年11个月,2013/1/1,2017/12/31,电子商务,北京,不明确
Magicworks音工场,存活5年11个月,2012/1/1,2017/12/31,教育,北京,不明确
多爱家,存活5年5个月,2012/7/1,2017/12/31,新工业,上海,不明确
戴粉网,存活4年7个月,2013/5/1,2017/12/31,智能硬件,北京,不明确
Trim Idea,存活4年2个月,2013/10/1,2017/12/31,工具软件,上海,不明确
车势网CheBeta,存活4年2个月,2013/10/1,2017/12/31,汽车交通,上海,不明确
福唐移居网,存活4年11个月,2013/1/1,2017/12/31,房产服务,上海,不明确
回家看看,存活5年0个月,2012/12/1,2017/12/31,社交网络,上海,不明确
宠物秀秀,存活5年3个月,2012/9/1,2017/12/31,本地生活,北京,尚未获投
Kitman Labs,存活5年1个月,2012/11/1,2017/12/31,体育运动,欧洲,战略投资
微信推推,存活4年9个月,2013/3/1,2017/12/31,广告营销,广东,尚未获投
给Ta礼物,存活4年4个月,2013/8/1,2017/12/31,社交网络,上海,不明确
叽叽,存活5年0个月,2012/12/1,2017/12/31,社交网络,北京,尚未获投
哪儿有优惠,存活5年1个月,2012/11/1,2017/12/31,本地生活,四川,不明确
云度API,存活4年9个月,2013/3/1,2017/12/31,电子商务,浙江,不明确
和谐云,存活5年7个月,2012/5/1,2017/12/31,企业服务,浙江,不明确
乐途网,存活4年7个月,2013/5/1,2017/12/31,汽车交通,湖北,不明确
Q点外卖,存活5年0个月,2012/12/1,2017/12/31,本地生活,广东,尚未获投
新外汇投资网ORTrader,存活4年2个月,2013/10/1,2017/12/31,金融,北京,不明确
脱口派,存活4年4个月,2013/8/1,2017/12/31,教育,上海,尚未获投
安星财富网,存活4年0个月,2013/12/1,2017/12/31,金融,广东,不明确
途迹街,存活5年2个月,2012/10/1,2017/12/31,电子商务,广东,尚未获投
丽博网,存活4年9个月,2013/3/1,2017/12/31,电子商务,广东,不明确
阿姨厨房,存活4年6个月,2013/6/1,2017/12/31,电子商务,上海,A轮
品评网,存活5年2个月,2012/10/1,2017/12/31,电子商务,北京,尚未获投
似香食,存活4年8个月,2013/4/1,2017/12/31,本地生活,北京,不明确
酒店伴侣,存活5年0个月,2012/12/1,2017/12/31,旅游,北京,不明确
旅途求助,存活4年11个月,2013/1/1,2017/12/31,旅游,浙江,尚未获投
酒店多多,存活4年7个月,2013/5/1,2017/12/31,旅游,四川,不明确
易达购物,存活5年1个月,2012/11/1,2017/12/31,电子商务,北京,不明确
微约,存活4年2个月,2013/10/1,2017/12/31,社交网络,广东,不明确
Secret,存活4年2个月,2013/10/1,2017/12/31,社交网络,北美洲,A轮
帅小子,存活4年8个月,2013/4/1,2017/12/31,本地生活,上海,不明确
麦麦车,存活5年6个月,2012/6/1,2017/12/31,汽车交通,福建,不明确
大蛙数字科技,存活5年6个月,2012/6/1,2017/12/31,游戏,上海,不明确
安娜普纳,存活4年4个月,2013/8/1,2017/12/31,文娱传媒,北京,不明确
觅觅,存活4年8个月,2013/4/1,2017/12/31,社交网络,北京,尚未获投
千夜旅游,存活5年8个月,2012/4/1,2017/12/31,旅游,北京,A轮
壹游出境网,存活5年8个月,2012/4/1,2017/12/31,旅游,上海,不明确
惠芸科技,存活4年7个月,2013/5/1,2017/12/31,企业服务,广东,不明确
百草会,存活5年2个月,2012/10/1,2017/12/31,工具软件,广东,尚未获投
彩兔网,存活5年6个月,2012/6/1,2017/12/31,文娱传媒,广东,不明确
小区问问,存活4年8个月,2013/4/1,2017/12/31,本地生活,北京,尚未获投
九问网,存活5年5个月,2012/7/1,2017/12/31,社交网络,山东,尚未获投
九一数卡,存活4年11个月,2013/1/1,2017/12/31,金融,天津,不明确
逛商场,存活5年7个月,2012/5/1,2017/12/31,电子商务,广东,尚未获投
一起看,存活5年9个月,2012/3/1,2017/12/31,体育运动,福建,不明确
派游网络,存活4年8个月,2013/4/1,2017/12/31,游戏,广东,不明确
运力中国网,存活5年6个月,2012/6/1,2017/12/31,物流,上海,不明确
微购吧,存活4年4个月,2013/8/1,2017/12/31,电子商务,北京,不明确
星星汇,存活5年2个月,2012/10/1,2017/12/31,社交网络,北京,不明确
游乐园,存活4年3个月,2013/9/1,2017/12/31,游戏,广东,不明确
泰爱玩旅行网,存活4年8个月,2013/4/1,2017/12/31,旅游,重庆,不明确
Tidoo,存活4年2个月,2013/10/1,2017/12/31,体育运动,北京,尚未获投
坐网,存活5年3个月,2012/9/1,2017/12/31,社交网络,上海,尚未获投
新看法,存活5年7个月,2012/5/1,2017/12/31,文娱传媒,北京,不明确
魔的兽,存活4年5个月,2013/7/1,2017/12/31,游戏,北京,不明确
安静地脑补,存活5年3个月,2012/9/1,2017/12/31,企业服务,四川,尚未获投
兜风,存活4年10个月,2013/2/1,2017/12/31,社交网络,北京,尚未获投
Speedpass史毕派司,存活5年11个月,2012/1/1,2017/12/31,企业服务,台湾,尚未获投
福来航班,存活5年11个月,2012/1/1,2017/12/31,工具软件,北京,战略投资
酒店盒子,存活4年4个月,2013/8/1,2017/12/31,房产服务,北京,不明确
金健康伴侣,存活4年2个月,2013/10/1,2017/12/31,医疗健康,北京,不明确
标准众筹,存活4年8个月,2013/4/1,2017/12/31,企业服务,山东,尚未获投
特特房,存活5年2个月,2012/10/1,2017/12/31,房产服务,北京,不明确
骆驼草,存活4年5个月,2013/7/1,2017/12/31,旅游,北京,不明确
爱鼓捣,存活4年4个月,2013/8/1,2017/12/31,文娱传媒,北京,不明确
运策物流,存活5年4个月,2012/8/1,2017/12/31,物流,江苏,B轮
91头条,存活4年9个月,2013/3/1,2017/12/31,文娱传媒,江西,不明确
酒店小秘,存活6年9个月,2011/3/1,2017/12/31,旅游,北京,尚未获投
SKULLY,存活4年10个月,2013/2/1,2017/12/31,智能硬件,北美洲,A轮
SlideIdea,存活5年4个月,2012/8/1,2017/12/31,企业服务,上海,尚未获投
败衣网,存活5年6个月,2012/6/1,2017/12/31,电子商务,台湾,不明确
森先生背单词,存活5年7个月,2012/5/1,2017/12/31,教育,广东,不明确
咋办呢,存活5年9个月,2012/3/1,2017/12/31,本地生活,北京,不明确
奇域科技游戏WonderLand,存活5年11个月,2012/1/1,2017/12/31,游戏,北京,不明确
牛窝网,存活4年6个月,2013/6/1,2017/12/31,电子商务,上海,不明确
好鱼网,存活5年0个月,2012/12/1,2017/12/31,电子商务,台湾,尚未获投
乐动APP,存活4年2个月,2013/10/1,2017/12/31,本地生活,广东,尚未获投
iTeam,存活4年7个月,2013/5/1,2017/12/31,企业服务,陕西,不明确
App兔子,存活5年9个月,2012/3/1,2017/12/31,广告营销,河北,尚未获投
NervAir空气净化器,存活4年8个月,2013/4/1,2017/12/31,智能硬件,上海,尚未获投
搜狗狗,存活4年7个月,2013/5/1,2017/12/31,文娱传媒,上海,不明确
Grata礼宾部,存活4年4个月,2013/8/1,2017/12/31,房产服务,北京,天使轮
26课堂,存活4年2个月,2013/10/1,2017/12/31,教育,山东,不明确
摩根基因,存活2年6个月,2015/6/1,2017/12/29,医疗健康,江苏,尚未获投
钱宝网,存活5年0个月,2012/12/1,2017/12/29,广告营销,江苏,尚未获投
录取吧,存活2年5个月,2015/7/1,2017/12/29,教育,湖北,尚未获投
懂购网,存活2年11个月,2015/1/1,2017/12/29,电子商务,湖北,不明确
盖房子,存活2年4个月,2015/8/1,2017/12/29,电子商务,上海,尚未获投
抑郁空间,存活2年9个月,2015/3/1,2017/12/29,医疗健康,上海,不明确
宝贝一起玩,存活2年2个月,2015/10/1,2017/12/29,教育,湖北,不明确
皖维膜材料,存活3年10个月,2014/2/1,2017/12/29,新工业,安徽,尚未获投
哆啦,存活2年8个月,2015/4/1,2017/12/29,企业服务,上海,尚未获投
梦寻教育,存活1年8个月,2016/4/1,2017/12/29,教育,浙江,尚未获投
容瑞科技,存活4年4个月,2013/8/1,2017/12/28,游戏,北京,不明确
慕羡品牌管理,存活2年7个月,2015/5/1,2017/12/28,企业服务,湖南,不明确
小组涨,存活3年0个月,2014/12/1,2017/12/28,金融,上海,尚未获投
鸡蛋客科技,存活4年4个月,2013/8/1,2017/12/28,游戏,广东,A轮
会聚网,存活3年0个月,2014/12/1,2017/12/28,企业服务,广东,不明确
十分钟学外语,存活0年9个月,2017/3/1,2017/12/28,教育,四川,不明确
全民真人秀,存活2年0个月,2015/12/1,2017/12/28,文娱传媒,陕西,尚未获投
头顶窗,存活3年4个月,2014/8/1,2017/12/28,本地生活,广东,A+轮
悠而优鱼菜共生,存活9年1个月,2008/11/1,2017/12/27,本地生活,上海,不明确
软通明浩,存活2年3个月,2015/9/1,2017/12/27,企业服务,江苏,尚未获投
万道科技,存活0年7个月,2017/5/1,2017/12/27,金融,北京,尚未获投
锋旗量化,存活4年8个月,2013/4/1,2017/12/27,金融,北京,不明确
喜乐游科技,存活3年5个月,2014/7/1,2017/12/26,游戏,广东,天使轮
新爵科技,存活4年2个月,2013/10/1,2017/12/26,教育,福建,Pre-A轮
天天唱,存活3年6个月,2014/6/1,2017/12/26,社交网络,浙江,天使轮
伊高水务,存活3年4个月,2014/8/1,2017/12/26,本地生活,湖北,尚未获投
极客芒果,存活2年5个月,2015/7/1,2017/12/26,电子商务,广东,天使轮
爱必浓,存活1年8个月,2016/4/1,2017/12/25,电子商务,北京,A轮
二月丫头Q丸鱼丸,存活1年11个月,2016/1/1,2017/12/25,本地生活,安徽,A轮
爱信诺航天,存活3年6个月,2014/6/1,2017/12/25,企业服务,山东,尚未获投
三千客品质生活网,存活11年1个月,2006/11/1,2017/12/25,本地生活,浙江,天使轮
武汉明德实创,存活1年8个月,2016/4/1,2017/12/25,企业服务,湖北,A轮
去嗨科技,存活2年11个月,2015/1/1,2017/12/25,文娱传媒,浙江,尚未获投
得志天合,存活6年3个月,2011/9/1,2017/12/25,企业服务,北京,尚未获投
富通天下,存活6年8个月,2011/4/1,2017/12/25,企业服务,浙江,不明确
维C互动,存活7年5个月,2010/7/1,2017/12/25,游戏,重庆,不明确
空格,存活2年6个月,2015/6/1,2017/12/25,本地生活,浙江,A轮
广州奥兹,存活8年5个月,2009/7/1,2017/12/25,游戏,广东,尚未获投
易准科技,存活6年11个月,2011/1/1,2017/12/22,广告营销,北京,不明确
钱景金融折扣网,存活12年7个月,2005/5/1,2017/12/22,金融,北京,A轮
企印网,存活3年0个月,2014/12/1,2017/12/22,本地生活,北京,尚未获投
超萌电子,存活1年4个月,2016/8/1,2017/12/22,电子商务,浙江,尚未获投
科兹,存活16年1个月,2001/11/1,2017/12/21,金融,上海,尚未获投
佰思简历网,存活5年1个月,2012/11/1,2017/12/21,教育,天津,不明确
晶焰科技,存活1年7个月,2016/5/1,2017/12/21,电子商务,广东,天使轮
七点微播,存活2年8个月,2015/4/1,2017/12/21,广告营销,广东,天使轮
优匠网,存活3年11个月,2014/1/1,2017/12/21,教育,天津,不明确
职创学院,存活3年7个月,2014/5/1,2017/12/20,教育,安徽,尚未获投
品至尊,存活9年11个月,2008/1/1,2017/12/20,文娱传媒,安徽,不明确
邢少爷,存活4年6个月,2013/6/1,2017/12/20,本地生活,上海,A轮
球圈体育,存活3年1个月,2014/11/1,2017/12/20,体育运动,广东,A+轮
中建昊天,存活2年5个月,2015/7/1,2017/12/20,企业服务,北京,尚未获投
胤庭家园,存活1年7个月,2016/5/1,2017/12/20,电子商务,浙江,尚未获投
点火网,存活4年9个月,2013/3/1,2017/12/20,金融,江苏,不明确
聚学帮,存活1年2个月,2016/10/1,2017/12/20,教育,山东,尚未获投
游戏众筹网,存活3年6个月,2014/6/1,2017/12/20,游戏,广东,不明确
夜购网络,存活2年9个月,2015/3/1,2017/12/19,电子商务,湖北,已被收购
犀牛小姐,存活2年7个月,2015/5/1,2017/12/19,电子商务,北京,天使轮
YISA,存活3年2个月,2014/10/1,2017/12/19,企业服务,北京,尚未获投
轻旅星球ElseTravel,存活2年4个月,2015/8/1,2017/12/19,旅游,浙江,天使轮
几个果农,存活3年9个月,2014/3/1,2017/12/18,电子商务,湖北,天使轮
清科博创,存活1年11个月,2016/1/1,2017/12/18,教育,北京,尚未获投
可视乐,存活3年2个月,2014/10/1,2017/12/18,教育,四川,尚未获投
学习鸟,存活2年9个月,2015/3/1,2017/12/18,教育,湖北,不明确
村品惠,存活3年9个月,2014/3/1,2017/12/18,电子商务,陕西,不明确
欧泰传媒,存活2年8个月,2015/4/1,2017/12/18,文娱传媒,黑龙江,不明确
柏士高,存活3年0个月,2014/12/1,2017/12/18,企业服务,广东,不明确
易步科技Robstep,存活8年11个月,2009/1/1,2017/12/17,智能硬件,广东,战略投资
王品美厨,存活1年8个月,2016/4/1,2017/12/15,本地生活,广东,不明确
狗之家商城,存活3年8个月,2014/4/1,2017/12/15,本地生活,安徽,不明确
千游网络,存活3年4个月,2014/8/1,2017/12/15,游戏,浙江,尚未获投
分红网,存活3年3个月,2014/9/1,2017/12/14,金融,北京,不明确
趣点,存活5年11个月,2012/1/1,2017/12/14,文娱传媒,江苏,不明确
泰凯科技,存活3年3个月,2014/9/1,2017/12/13,工具软件,北京,A+轮
青火网络,存活4年5个月,2013/7/1,2017/12/13,游戏,广东,尚未获投
摇巴,存活2年1个月,2015/11/1,2017/12/13,汽车交通,河南,不明确
商商,存活2年0个月,2015/12/1,2017/12/13,企业服务,上海,尚未获投
爱尚亿购,存活4年11个月,2013/1/1,2017/12/12,电子商务,重庆,不明确
导途,存活6年5个月,2011/7/1,2017/12/12,电子商务,山东,尚未获投
捷妙贸易,存活17年6个月,2000/6/1,2017/12/12,电子商务,广东,B轮
普利赛胜,存活5年10个月,2012/2/1,2017/12/11,游戏,北京,不明确
贵金属投资网,存活6年4个月,2011/8/1,2017/12/11,金融,浙江,不明确
放盘,存活3年2个月,2014/10/1,2017/12/11,房产服务,广东,不明确
布袋森林,存活3年6个月,2014/6/1,2017/12/11,新工业,北京,不明确
拼一拼电子积木,存活5年11个月,2012/1/1,2017/12/10,智能硬件,浙江,不明确
挖鱼,存活2年4个月,2015/8/1,2017/12/8,社交网络,上海,不明确
岸卓科技,存活2年11个月,2015/1/1,2017/12/8,企业服务,上海,尚未获投
一堂好课,存活2年5个月,2015/7/1,2017/12/7,教育,广东,不明确
雅瑞电商,存活1年1个月,2016/11/1,2017/12/7,电子商务,广东,尚未获投
杭州奇游网络,存活3年3个月,2014/9/1,2017/12/7,游戏,浙江,天使轮
第七天堂,存活4年1个月,2013/11/1,2017/12/7,游戏,广东,A轮
译巴巴,存活2年2个月,2015/10/1,2017/12/7,企业服务,上海,尚未获投
床之衣,存活2年8个月,2015/4/1,2017/12/6,电子商务,上海,Pre-A轮
尖椒部落,存活8年0个月,2009/12/1,2017/12/6,社交网络,北京,尚未获投
时代文创,存活3年9个月,2014/3/1,2017/12/6,企业服务,北京,不明确
十八掌,存活2年9个月,2015/3/1,2017/12/5,企业服务,江苏,不明确
赢康科技,存活12年0个月,2005/12/1,2017/12/4,企业服务,北京,不明确
得利网,存活2年0个月,2015/12/1,2017/12/4,电子商务,四川,不明确
硕梦信息,存活6年8个月,2011/4/1,2017/12/4,企业服务,浙江,不明确
集合号,存活3年2个月,2014/10/1,2017/12/1,企业服务,北京,A轮
上海展友,存活1年9个月,2016/3/1,2017/12/1,企业服务,上海,尚未获投
泓立方科技,存活2年9个月,2015/3/1,2017/12/1,游戏,北京,尚未获投
米线用车,存活2年11个月,2015/1/1,2017/12/1,汽车交通,北京,天使轮
上海美挚网络,存活2年5个月,2015/7/1,2017/12/1,电子商务,上海,天使轮
美乐印,存活2年5个月,2015/7/1,2017/12/1,电子商务,上海,天使轮
葵花家,存活3年2个月,2014/9/1,2017/11/30,房产服务,北京,天使轮
找到ta,存活3年7个月,2014/4/1,2017/11/30,社交网络,北京,天使轮
锡安科技,存活1年11个月,2015/12/1,2017/11/30,企业服务,广东,尚未获投
展视互动,存活8年10个月,2009/1/1,2017/11/30,企业服务,北京,B轮
牧童互动,存活2年11个月,2014/12/1,2017/11/30,游戏,北京,天使轮
迪游科技,存活5年2个月,2012/9/1,2017/11/30,游戏,上海,尚未获投
肯兜轻藏品,存活1年2个月,2016/9/1,2017/11/29,电子商务,浙江,尚未获投
Ecoshin醉映科技,存活2年10个月,2015/1/1,2017/11/29,电子商务,上海,天使轮
百福莱,存活2年11个月,2014/12/1,2017/11/29,本地生活,北京,天使轮
学翼宝,存活3年0个月,2014/11/1,2017/11/29,教育,湖北,不明确
橙学,存活3年1个月,2014/10/1,2017/11/29,教育,湖北,不明确
九五网络,存活10年6个月,2007/5/1,2017/11/29,广告营销,四川,尚未获投
九黎商学院,存活2年1个月,2015/10/1,2017/11/28,广告营销,四川,尚未获投
可可网络,存活3年5个月,2014/6/1,2017/11/28,游戏,浙江,尚未获投
汽车315,存活11年11个月,2005/12/1,2017/11/28,汽车交通,重庆,尚未获投
三钱科技,存活1年8个月,2016/3/1,2017/11/28,新工业,广东,尚未获投
晓妹妹,存活2年11个月,2014/12/1,2017/11/27,医疗健康,北京,天使轮
渝乐宝,存活1年7个月,2016/4/1,2017/11/27,电子商务,重庆,尚未获投
超级宝宝健康管家,存活2年8个月,2015/3/1,2017/11/27,医疗健康,上海,不明确
TUNA智逊古米,存活2年7个月,2015/4/1,2017/11/27,广告营销,上海,不明确
绘本大王,存活2年6个月,2015/5/1,2017/11/27,教育,广东,天使轮
芒拓软件,存活6年0个月,2011/11/1,2017/11/24,教育,北京,不明确
500miles智能出行,存活1年7个月,2016/4/1,2017/11/24,文娱传媒,北京,A轮
EasyTalk,存活6年8个月,2011/3/1,2017/11/24,企业服务,甘肃,不明确
微推网,存活3年2个月,2014/9/1,2017/11/24,电子商务,广东,不明确
百年大健康网,存活3年10个月,2014/1/1,2017/11/24,医疗健康,山东,不明确
博天网推,存活5年1个月,2012/10/1,2017/11/23,企业服务,云南,尚未获投
耐吃,存活3年8个月,2014/3/1,2017/11/22,电子商务,天津,尚未获投
KNEWGO,存活3年9个月,2014/2/1,2017/11/22,电子商务,贵州,天使轮
星空伟达,存活3年11个月,2013/12/1,2017/11/22,游戏,北京,天使轮
今餐有约,存活3年0个月,2014/11/1,2017/11/21,本地生活,广东,尚未获投
必去科技,存活4年2个月,2013/9/1,2017/11/21,旅游,北京,A轮
一起出发,存活2年5个月,2015/6/1,2017/11/21,旅游,北京,尚未获投
卫诺科技WeKnow,存活4年10个月,2013/1/1,2017/11/21,新工业,上海,天使轮
ICO17,存活0年4个月,2017/7/1,2017/11/20,企业服务,上海,天使轮
方续健康,存活2年6个月,2015/5/1,2017/11/20,医疗健康,上海,不明确
武汉旅烨,存活1年8个月,2016/3/1,2017/11/20,企业服务,湖北,尚未获投
狮加训练营,存活1年6个月,2016/5/1,2017/11/20,教育,湖北,尚未获投
91换呗,存活6年7个月,2011/4/1,2017/11/17,新工业,江西,不明确
赖皮兔,存活2年10个月,2015/1/1,2017/11/17,智能硬件,福建,尚未获投
ALLFIT,存活1年11个月,2015/12/1,2017/11/17,体育运动,河北,尚未获投
微会议,存活6年5个月,2011/6/1,2017/11/17,企业服务,北京,不明确
简单停车,存活2年4个月,2015/7/1,2017/11/16,汽车交通,上海,尚未获投
银海动漫,存活2年6个月,2015/5/1,2017/11/16,文娱传媒,江苏,尚未获投
寓上,存活2年3个月,2015/8/1,2017/11/16,电子商务,上海,尚未获投
云家信,存活4年3个月,2013/8/1,2017/11/15,社交网络,广西,不明确
乐奢淘,存活3年10个月,2014/1/1,2017/11/15,电子商务,山东,尚未获投
乐跑圈,存活1年4个月,2016/7/1,2017/11/15,体育运动,浙江,尚未获投
掌中创想,存活4年1个月,2013/10/1,2017/11/15,游戏,北京,不明确
波波奇科技,存活2年4个月,2015/7/1,2017/11/15,企业服务,北京,尚未获投
慧童天心科技,存活2年6个月,2015/5/1,2017/11/14,教育,天津,不明确
咚次哒次科技,存活1年6个月,2016/5/1,2017/11/14,企业服务,广东,Pre-B轮
易地接,存活2年6个月,2015/5/1,2017/11/14,教育,北京,尚未获投
卖萌货,存活2年3个月,2015/8/1,2017/11/14,电子商务,上海,天使轮
微娱,存活3年7个月,2014/4/1,2017/11/14,文娱传媒,上海,不明确
CC来电炫图,存活6年7个月,2011/4/1,2017/11/14,工具软件,重庆,不明确
川南农经网,存活3年4个月,2014/7/1,2017/11/14,电子商务,四川,尚未获投
咕啾Goojio,存活2年6个月,2015/5/1,2017/11/14,本地生活,北京,天使轮
哇噢,存活3年3个月,2014/8/1,2017/11/13,医疗健康,上海,不明确
小鸣单车,存活1年4个月,2016/7/1,2017/11/13,汽车交通,浙江,B轮
魔触科技,存活3年8个月,2014/3/1,2017/11/13,汽车交通,北京,天使轮
iSHOWi秀艾,存活2年6个月,2015/5/1,2017/11/13,企业服务,浙江,天使轮
巡山科技,存活2年7个月,2015/4/1,2017/11/13,游戏,广东,尚未获投
爱美讯网,存活4年5个月,2013/6/1,2017/11/13,本地生活,北京,不明确
智库留学,存活3年6个月,2014/5/1,2017/11/13,教育,广东,尚未获投
找个P停车神器,存活3年1个月,2014/10/1,2017/11/10,汽车交通,江苏,尚未获投
Docker中文社区道刻斯,存活3年11个月,2013/12/1,2017/11/10,企业服务,江苏,天使轮
特土网,存活3年6个月,2014/5/1,2017/11/10,电子商务,北京,天使轮
普德信息,存活2年2个月,2015/9/1,2017/11/10,教育,陕西,尚未获投
我试试,存活2年3个月,2015/8/1,2017/11/10,电子商务,江苏,尚未获投
懂你科技,存活2年0个月,2015/11/1,2017/11/10,智能硬件,广东,尚未获投
男人尚,存活4年11个月,2012/12/1,2017/11/9,电子商务,广东,不明确
rhymla,存活1年2个月,2016/9/1,2017/11/9,工具软件,浙江,尚未获投
去租吧,存活3年8个月,2014/3/1,2017/11/9,电子商务,湖北,不明确
西安智云,存活0年7个月,2017/4/1,2017/11/9,企业服务,陕西,不明确
广州帕德,存活2年3个月,2015/8/1,2017/11/8,金融,广东,天使轮
微怦然科技,存活2年8个月,2015/3/1,2017/11/8,社交网络,北京,不明确
六如印社,存活5年8个月,2012/3/1,2017/11/8,文娱传媒,广东,不明确
淘窝窝,存活5年8个月,2012/3/1,2017/11/8,房产服务,广东,不明确
720信息科技,存活2年0个月,2015/11/1,2017/11/7,企业服务,福建,不明确
Hellocar,存活1年10个月,2016/1/1,2017/11/7,汽车交通,欧洲,种子轮
Beyou,存活3年2个月,2014/9/1,2017/11/7,工具软件,北京,不明确
暮色森林科技,存活5年3个月,2012/8/1,2017/11/7,游戏,北京,天使轮
联合通讯,存活3年9个月,2014/2/1,2017/11/6,广告营销,北京,不明确
追逐拍,存活4年10个月,2013/1/1,2017/11/6,汽车交通,北京,不明确
物华博瑞科技,存活3年1个月,2014/10/1,2017/11/6,电子商务,北京,不明确
山南派生科技,存活0年10个月,2017/1/1,2017/11/6,文娱传媒,西藏,天使轮
又又,存活3年3个月,2014/8/1,2017/11/6,社交网络,北京,天使轮
大银幕电影发行,存活2年7个月,2015/4/1,2017/11/6,文娱传媒,北京,尚未获投
e学驾,存活2年4个月,2015/7/1,2017/11/6,汽车交通,四川,尚未获投
华富世通,存活19年3个月,1998/8/1,2017/11/6,金融,北京,尚未获投
指点乾坤,存活4年4个月,2013/7/1,2017/11/6,游戏,北京,尚未获投
脑洞网,存活1年6个月,2016/5/1,2017/11/6,社交网络,云南,种子轮
中国吃网,存活11年10个月,2006/1/1,2017/11/6,工具软件,广东,不明确
读图年代,存活5年1个月,2012/10/1,2017/11/6,工具软件,北京,不明确
妙途旅行,存活3年8个月,2014/3/1,2017/11/6,社交网络,浙江,种子轮
Petplan宠物计划,存活3年4个月,2014/7/1,2017/11/6,本地生活,北京,尚未获投
伙伴行,存活3年2个月,2014/9/1,2017/11/6,汽车交通,北京,不明确
克克贷,存活3年4个月,2014/7/1,2017/11/6,金融,北京,不明确
环球美联英语,存活11年7个月,2006/4/1,2017/11/6,教育,北京,尚未获投
Planboard师说网,存活4年3个月,2013/8/1,2017/11/6,教育,北京,不明确
克维创想,存活8年4个月,2009/7/1,2017/11/6,企业服务,北京,A+轮
柏晶珠宝,存活4年0个月,2013/11/1,2017/11/4,电子商务,广东,尚未获投
纵游网络,存活3年6个月,2014/5/1,2017/11/3,企业服务,重庆,尚未获投
酒满意,存活2年2个月,2015/9/1,2017/11/3,电子商务,湖北,尚未获投
久久喜悦网,存活1年7个月,2016/4/1,2017/11/3,本地生活,四川,尚未获投
飞拖,存活0年5个月,2017/6/1,2017/11/3,汽车交通,浙江,尚未获投
小鼠夺宝,存活2年5个月,2015/6/1,2017/11/3,电子商务,广东,不明确
我有饭私密饭局,存活2年8个月,2015/3/1,2017/11/2,本地生活,北京,已被收购
联赛云,存活2年4个月,2015/7/1,2017/11/2,体育运动,广东,尚未获投
Doppler Labs,存活4年10个月,2013/1/1,2017/11/2,智能硬件,北美洲,B轮
PAI个人智能助理,存活6年0个月,2011/11/1,2017/11/2,企业服务,北京,尚未获投
左邻正里,存活2年4个月,2015/7/1,2017/11/2,本地生活,福建,天使轮
找教练,存活2年8个月,2015/3/1,2017/11/2,汽车交通,浙江,尚未获投
衣手包办,存活2年4个月,2015/7/1,2017/11/2,电子商务,浙江,尚未获投
小日子慢记,存活6年0个月,2011/11/1,2017/11/2,社交网络,北京,尚未获投
百步串羊,存活1年3个月,2016/8/1,2017/11/2,本地生活,湖南,天使轮
DOCQ文档云,存活2年10个月,2015/1/1,2017/11/1,企业服务,湖北,尚未获投
伴佰科技,存活3年5个月,2014/6/1,2017/11/1,企业服务,上海,不明确
影+,存活2年7个月,2015/4/1,2017/11/1,文娱传媒,吉林,尚未获投
护龄家,存活2年7个月,2015/4/1,2017/11/1,本地生活,北京,天使轮
e陪伴易陪伴,存活3年7个月,2014/3/1,2017/10/31,智能硬件,北京,不明确
米盒,存活1年11个月,2015/11/1,2017/10/30,教育,江苏,天使轮
数鼎科技,存活1年6个月,2016/4/1,2017/10/30,汽车交通,广东,天使轮
智远行,存活4年10个月,2012/12/1,2017/10/30,旅游,山东,尚未获投
熊猫食堂,存活3年0个月,2014/10/1,2017/10/30,本地生活,北京,种子轮
蚁巢网,存活2年5个月,2015/5/1,2017/10/27,企业服务,重庆,不明确
城市笔记,存活2年6个月,2015/4/1,2017/10/26,广告营销,北京,尚未获投
找理财,存活2年3个月,2015/7/1,2017/10/26,金融,北京,尚未获投
万里行养车,存活1年9个月,2016/1/1,2017/10/26,汽车交通,湖南,尚未获投
雪人电影,存活3年6个月,2014/4/1,2017/10/26,文娱传媒,北京,天使轮
上海嗉嗉科技,存活3年5个月,2014/5/1,2017/10/26,企业服务,上海,不明确
利客修,存活2年2个月,2015/8/1,2017/10/26,本地生活,辽宁,A轮
壹课网,存活3年10个月,2013/12/1,2017/10/25,教育,北京,不明确
四季凯芯科技,存活6年6个月,2011/4/1,2017/10/25,社交网络,北京,已被收购
心呼吸,存活2年5个月,2015/5/1,2017/10/25,教育,广东,天使轮
摩凡网络,存活7年1个月,2010/9/1,2017/10/25,游戏,上海,不明确
差旅管家,存活1年10个月,2015/12/1,2017/10/25,旅游,北京,天使轮
泡面吧,存活4年6个月,2013/4/1,2017/10/25,教育,北京,天使轮
EZZY,存活3年3个月,2014/7/1,2017/10/24,汽车交通,北京,A轮
源溯优品,存活1年5个月,2016/5/1,2017/10/24,本地生活,四川,尚未获投
PP充电,存活0年10个月,2016/12/1,2017/10/24,本地生活,广东,尚未获投
科山微电子,存活9年10个月,2007/12/1,2017/10/24,新工业,江苏,C轮
食色APP,存活3年8个月,2014/2/1,2017/10/24,本地生活,上海,A轮
Fancy饭事,存活2年9个月,2015/1/1,2017/10/24,本地生活,上海,尚未获投
欢乐帮,存活4年7个月,2013/3/1,2017/10/22,本地生活,上海,不明确
黑小伙,存活3年4个月,2014/6/1,2017/10/20,本地生活,北京,天使轮
亦宝车联,存活3年5个月,2014/5/1,2017/10/20,汽车交通,北京,尚未获投
stark,存活3年6个月,2014/4/1,2017/10/20,游戏,北京,A轮
同航网,存活11年3个月,2006/7/1,2017/10/20,旅游,北京,尚未获投
每儿电子,存活2年1个月,2015/9/1,2017/10/20,电子商务,浙江,不明确
应用帮,存活5年5个月,2012/5/1,2017/10/20,工具软件,北京,天使轮
牛大王网络,存活1年5个月,2016/5/1,2017/10/20,农业,北京,天使轮
大众拼车,存活3年11个月,2013/11/1,2017/10/20,汽车交通,北京,不明确
课堂管家,存活2年1个月,2015/9/1,2017/10/19,社交网络,上海,尚未获投
速学应用平台,存活5年4个月,2012/6/1,2017/10/19,教育,上海,不明确
奥派洗业,存活4年5个月,2013/5/1,2017/10/19,本地生活,辽宁,不明确
佳境咨询,存活3年5个月,2014/5/1,2017/10/18,本地生活,北京,不明确
竞钢网,存活1年9个月,2016/1/1,2017/10/18,电子商务,上海,种子轮
首席旺店,存活2年7个月,2015/3/1,2017/10/18,电子商务,浙江,不明确
丹若茶业,存活4年2个月,2013/8/1,2017/10/18,电子商务,广东,不明确
EZMES,存活2年9个月,2015/1/1,2017/10/18,医疗健康,天津,尚未获投
2026互联网温控器,存活3年5个月,2014/5/1,2017/10/18,智能硬件,湖南,不明确
点津作文,存活2年9个月,2015/1/1,2017/10/18,教育,江苏,战略投资
随心付,存活3年11个月,2013/11/1,2017/10/18,金融,福建,尚未获投
悠悠家园,存活5年7个月,2012/3/1,2017/10/18,医疗健康,广东,不明确
元宝传媒,存活2年10个月,2014/12/1,2017/10/17,企业服务,浙江,不明确
乐跑屋,存活2年5个月,2015/5/1,2017/10/17,体育运动,四川,尚未获投
清远好玩网,存活3年6个月,2014/4/1,2017/10/17,旅游,广东,不明确
众择用车,存活3年0个月,2014/10/1,2017/10/17,汽车交通,上海,天使轮
towebapp突围阿,存活5年2个月,2012/8/1,2017/10/17,工具软件,上海,不明确
团博网,存活6年9个月,2011/1/1,2017/10/16,电子商务,河南,不明确
广州义薄网络,存活3年3个月,2014/7/1,2017/10/16,游戏,广东,天使轮
嘟嘟美甲,存活3年4个月,2014/6/1,2017/10/16,本地生活,上海,已被收购
告白墙,存活4年1个月,2013/9/1,2017/10/16,社交网络,江苏,不明确
依智通达,存活2年6个月,2015/4/1,2017/10/13,汽车交通,北京,不明确
37度保,存活2年3个月,2015/7/1,2017/10/13,金融,北京,不明确
Bikernel,存活2年1个月,2015/9/1,2017/10/13,体育运动,陕西,尚未获投
买房吧,存活4年2个月,2013/8/1,2017/10/13,房产服务,天津,不明确
千楼网,存活3年3个月,2014/7/1,2017/10/13,房产服务,江苏,不明确
问啊,存活2年3个月,2015/7/1,2017/10/12,教育,天津,尚未获投
墨刃网络,存活5年10个月,2011/12/1,2017/10/12,游戏,陕西,尚未获投
必比特,存活3年2个月,2014/8/1,2017/10/12,电子商务,北京,A+轮
必盈金融,存活2年4个月,2015/6/1,2017/10/12,金融,浙江,天使轮
操盘英雄,存活3年10个月,2013/12/1,2017/10/12,金融,上海,不明确
蜂巢互助,存活1年4个月,2016/6/1,2017/10/12,汽车交通,北京,天使轮
北京宽石量投,存活7年6个月,2010/4/1,2017/10/12,金融,北京,不明确
财视中国,存活2年9个月,2015/1/1,2017/10/12,文娱传媒,上海,不明确
文签,存活2年0个月,2015/10/1,2017/10/11,企业服务,浙江,A轮
掌柜订货,存活1年6个月,2016/4/1,2017/10/11,电子商务,辽宁,尚未获投
推荐电子商务,存活3年2个月,2014/8/1,2017/10/11,电子商务,北京,不明确
五月,存活3年2个月,2014/8/1,2017/10/11,社交网络,上海,天使轮
七子游戏,存活5年7个月,2012/3/1,2017/10/11,游戏,广东,不明确
全民话题,存活3年1个月,2014/9/1,2017/10/11,文娱传媒,广东,种子轮
九武游戏,存活5年0个月,2012/10/1,2017/10/11,游戏,上海,尚未获投
相投,存活3年0个月,2014/10/1,2017/10/11,社交网络,广东,天使轮
蓝领公社,存活2年5个月,2015/5/1,2017/10/10,企业服务,北京,天使轮
医尚,存活3年8个月,2014/2/1,2017/10/10,医疗健康,山东,不明确
同校小二,存活2年4个月,2015/6/1,2017/10/10,电子商务,广东,天使轮
爱屁屁,存活4年6个月,2013/4/1,2017/10/10,文娱传媒,重庆,尚未获投
爱多牛,存活5年6个月,2012/4/1,2017/10/9,教育,四川,不明确
养车e站,存活3年1个月,2014/9/1,2017/10/9,汽车交通,浙江,不明确
YiRom小茄科技,存活2年10个月,2014/12/1,2017/10/9,工具软件,北京,天使轮
友秀,存活2年3个月,2015/7/1,2017/10/9,文娱传媒,广东,不明确
魅魄游戏MapleGame,存活3年0个月,2014/10/1,2017/10/9,游戏,上海,天使轮
爱帮你找,存活3年0个月,2014/10/1,2017/10/6,文娱传媒,北京,尚未获投
药名通,存活9年2个月,2008/8/1,2017/10/4,医疗健康,北京,不明确
哆啦订货,存活3年0个月,2014/10/1,2017/10/4,电子商务,北京,尚未获投
